i   y	x1	x2	w1
-0.22772068873923423	0.5223979271620998	-0.6516226916861869	0.6385074941602534
1.6575302300205164	0.9436042875709667	0.5213968065141014	0.48026782594997053
5.227751163926772	-0.5361036187378638	0.8386343877112413	1.0717874455415586
0.38949273135715723	-1.379019131255298	-1.6553023157885882	-0.11721992475694044
-0.4655070843778686	0.9348381823692147	-0.15914810663514076	-0.9067636869321618
2.31485505857548	-1.0758915943677871	0.2065176023198088	-1.2945377999891952
-2.2851114364389344	0.925286494668532	-1.0153623215340601	0.23534791761397642
-0.6946470896755519	0.5013906763004838	-2.0313921274039557	0.47992477891166874
2.0018162332154077	-0.5489214232088415	-1.2315797031659128	-0.05132637601665324
-0.2445325563697769	-1.0418131612194104	-0.2712942367830457	-0.6889862784826711
2.778620293357403	-0.18344454196046134	-0.7632599503458316	0.8678160661072107
2.4128867795710263	1.0545460142419492	0.5906045679027201	0.27907824170800666
1.7260731385290398	0.3473797606207465	-1.6432404435543453	0.052113842799433034
1.385034180778896	1.5605391485883366	0.80066227884668	1.5769475975820084
-1.895165008261652	2.402504044083237	-0.9828800586077846	0.8521888877969829
0.4308217939797918	1.1946337956985291	0.28993652300794864	-0.32718262598884135
-0.9201809057029866	1.9879402926266667	-0.6413895140282815	0.5004272725878511
-1.1305342219874663	1.682479686402842	-0.34097425607492016	-0.2978426339607643
4.045494333642518	-0.13168250476537446	0.27896934385170846	0.5431159114202028
2.3155680518797386	-0.5469427602370602	0.4950477459865745	0.8082332889846128
5.060781462327039	2.1176553508473868	2.738652978183271	1.3078947156402403
-0.745144666518476	-0.8174091285537664	-0.5399098470283812	-1.0067829940434827
4.028077569322587	-3.378480013141578	0.5405499581924643	-2.8248198738632886
2.388643875608768	1.2302950425850525	0.6570866347732583	0.7842551384653469
-3.386216803553035	0.3518996823901335	-0.9524535120254306	0.5034825407134487
2.7553011213293312	2.305416349595977	1.2913546219696306	0.8123568500087175
-0.31293968787541027	0.9299225286449202	0.14931783627213654	-0.5431175817743463
0.12092695207191573	-2.50811400936127	-1.2302084889801426	-1.6316708919578748
0.18422304384855837	-0.4039697299581656	-0.14471938570860263	-0.5266636570791182
3.662187254655452	1.7677999512438904	0.11975051468287273	1.174492652391695
0.7480619627843239	-1.2250056069438946	-1.2710566471801732	-0.8411268853552459
-2.5679272939014317	-2.558612157501655	-0.8360715306864995	-2.494537128912318
1.5078754566583559	-0.6102231707021459	2.1608442513912136	-0.5390302690566303
-1.1329688596033973	-0.5286743587550008	-1.055707215128077	-0.7897763817441432
4.173355577882962	-0.8555577353932184	-0.36856219717989275	-0.6234911332046829
-1.9279659044091804	2.913929958337631	-1.1209920071643875	1.4433579445951463
2.7914999705550816	0.29099716713543683	1.048740639523693	-0.3513881213114128
1.8673167265553152	0.7221415535911007	1.1112643506838782	0.13544300054604316
0.04073105081449829	-0.675399170304565	-0.5332922875343638	-1.0320468528045945
1.2905407985845203	-2.0473057705272897	-0.7405438096235342	-1.6467460342887748
3.0466583863997787	-1.3518031163550652	-0.3756195261916062	0.1428810698886956
-1.1543065672352326	0.12963836983688537	1.4140670453278292	0.08707983566695233
2.301300879000262	2.056112654712912	-1.1041322038063268	1.9494849589564385
1.9949312089304465	-1.7001769955500352	-1.0462429188851365	-1.5999672782259664
0.8073580925250365	0.8550155639298842	0.9352565947664727	0.9813402719518755
1.2283767562745984	-1.0305098821058012	1.3520624403786705	-2.2642268539893653
4.637943401390706	0.8613180200456163	0.13294319581933015	0.8179143203480618
-0.6198217919028353	0.36996976142508475	-0.8731181990684941	-0.03331973024067217
2.0450353628255162	-1.9355852965461313	-1.0130361242042913	-1.8916926868059811
-2.031821371713475	-1.1061144469106492	-1.383594715025526	-1.3727119643924772
2.66518778197292	0.15338358910161576	0.16467899979539355	0.5405681163568038
0.52574347412201	0.5143192576426744	1.405856958047646	0.7146939304734332
2.596535277307485	0.22728898253046154	-0.6057300185984085	0.1754242956403289
3.1515819132926346	-0.9913835042457314	1.1573951428313154	-0.34690897508328716
0.6589002459049209	1.5687855837288847	1.7874599401613658	-0.0763138800201004
0.7559742569066248	1.3050214887199623	-0.3225848998365008	-1.106486609619647
-1.1887365959658114	-0.3299624628956518	-1.58160405540969	0.7556080134143318
2.786635047609924	-1.5821442537583896	0.7391860151657026	-0.941724110213857
0.8824192951714037	1.4311604663027655	-0.7798504343646324	-0.5078313790661532
3.573211499411342	-0.649961920181454	0.6377334237303254	-0.12286970173187162
3.139811645462358	-3.3223684060560608	0.2677410540590107	-1.5314537270558486
1.2295703377492644	1.8779840391175389	0.8326300121781154	0.3017922355644192
-0.1453173537241541	0.8127354375548352	-1.0924121862806198	0.6383385064453357
2.836025185474914	2.532374271078956	-1.7915783385644564	0.8857952112994588
0.652122339030229	-0.6045537674383424	0.30711438951176345	0.4305279949546627
2.065575019002398	0.7265207516392138	0.3175440611756381	-0.09654647166380925
0.7519478004206331	-0.994347978853222	-0.12973837503409597	-0.2847951375680779
3.613524225936314	1.8790842578553462	1.8369023245940728	-0.028223057558874106
1.0993405944523054	-3.850807106795674	-0.1961063720000961	-3.3661174742920403
-2.8227708819130495	0.8713149511994649	-1.4361248624386842	-0.7665016545664883
5.292665190464001	1.5603888803121124	1.4162652424649889	1.7842445600298273
-0.9342597676556705	-0.8048218071759226	-0.6818736567843988	-0.6402976443612249
-1.2749028628337908	0.16771848322113536	0.5693076858070456	-0.40033792332703727
0.9964247778351323	-0.6785442425895696	-0.4400623092790133	-0.09468043257299882
-0.06583626276763876	0.12786916052223196	0.1322124023292988	-1.0842794920232621
-5.007278750907206	-0.9641350207725562	-0.5854567325378863	-0.7024652978969332
-3.1015280749433467	1.2978175467129638	-1.2188944479420152	0.9260063821556268
0.14300603422876573	-0.7487364881065834	-0.30113387891909327	-0.04642730574284971
-1.9826046520438954	2.2748798977830704	-1.764812506454722	-0.6717928515639632
-2.9342343231254375	0.5069725100815758	-0.9066210272525467	-0.39820238266072916
4.792300880359245	2.038484949411596	0.9184671750497412	0.6690737332511698
-0.4959822772398251	-1.9630584405745448	-0.8264751156464479	-2.260697489827713
1.5805593788524266	-1.1113080602122212	0.3662168642740617	-1.9719403036803873
-1.4974425796698971	1.3009430973950065	0.4094615166281662	0.1338726384600407
-0.36229190519428356	2.1703167004217256	-1.2128235140202321	0.5271643040414232
-4.405254819284503	0.5786318915708235	-0.0573645424129932	-0.4274686886656632
2.222567579934452	0.4316261494154513	0.5937515325804983	-1.1339150112548226
3.0496161759221456	0.8259191583939327	-0.2885915779612141	1.257055811064367
3.0932693253365753	-0.04050364182108812	0.16785482334863333	0.3331267891389889
2.0284981640963795	0.6100666510344519	-0.19273959753578246	1.3955417847461529
-0.9399894753289639	-0.08238985706896489	0.6982782335220936	-0.19565457673479705
-3.1914732247023476	-1.0867197620029263	-0.21220461527726076	-0.7349177458640522
2.8236889527611684	0.9671651457529438	0.20118886926634835	1.9960847479152573
-3.792344880147553	0.33926856285395246	-1.0427051067466744	0.8743807843300393
-0.5996301196841094	1.7694631872125979	-1.3390314616605106	0.24361299833559358
-0.4155933391361294	0.08195486443752695	-2.016910183433652	-0.07652060300096769
2.838486385505826	1.2828773463994456	0.4394323471078228	1.4770562545251864
-4.836464528340644	0.8568040783038774	-1.5555711404594983	0.2911553261442822
-0.8375548448763399	0.3857511728455226	-0.2849813714041248	-0.6885595136919441
0.02417831730246167	-1.5539350562414698	-1.8625009543777153	-0.98465325609551
-1.71098696555612	1.5602462727641928	-1.3435028694290814	-0.4118615205703296
0.024977065912485052	3.12141720233896	0.40483060628019946	1.6407326866175218
4.247048936333178	2.0675725665379168	0.36957812440083493	0.7436741613113712
2.226787006831825	-0.18407543963018802	-0.33824660172360455	1.0387379332570759
2.4316908263455117	-0.6670862558822106	0.0729257446784572	-0.9385033748184862
0.6737626231662789	-1.8835471401583352	0.13984415789853058	-0.8931237651081334
-0.14711481584811337	-2.390883958562847	-0.0015205803872364364	-1.80105781616306
0.33742632556922364	1.1332235140146771	-1.050616740379549	1.768885000653975
2.0480555084490577	0.8056559585804453	0.2951965313406521	0.32006903535917325
-2.2578742522729893	0.011793476745547982	-0.4377682311144188	0.41267838686409164
3.3368549101782508	-0.345068758323275	0.7677567112571465	0.7390861493378897
-1.8065462752019121	1.2003055725971885	0.15580246530528075	-0.603054322340763
2.4341390404491077	-0.16360817680979672	0.2743548199509039	-0.4712154257376293
2.951901731541218	-1.5670876815985184	-0.16219331367005607	-1.1197150877609512
-0.8575120862529744	2.138700407303851	0.5259033373818648	0.06191023534020096
0.3860305588560138	-0.9104602845091045	-1.3268940247359657	-1.1749084322526384
1.4332985872848405	1.2625581272956001	-0.9347599048317411	0.237733277964235
3.580905908177723	-2.3250576096879456	1.5138303747723147	-1.757420243347304
3.1070535840416973	2.479590947505857	-0.15958065452430853	0.7743892802565618
1.2479332381719686	1.2968784500005763	-0.41474582549276845	-0.601379233872033
2.2509525795144216	-0.7968335167664773	0.6743541170823454	-0.9469782406641669
2.566389466430776	-0.83012407304863	0.8278902130459308	-0.17883575038895685
4.582942722261604	-0.5572751616358449	0.6386969429377676	0.7945592988367237
1.4382966808991053	-0.03347584735354592	-1.0932567548990217	-0.1707877531663724
3.026540241770772	0.12880149564189203	0.8019182451707547	-0.3749419740754822
1.2285838163998006	-1.763102145284149	0.08052672716755084	-0.8916726184859943
5.002162385060739	-1.7154628181507605	1.0234506812420867	-1.0132694280589631
0.48616981209099025	-0.13472548127713918	-0.2357881672178968	-0.16484408793212568
1.731278727789024	-1.3352998008770613	-0.324843008567581	-1.351902288305723
0.3155403226540745	0.12044597648932254	-1.0610791054748465	0.8460721757304032
1.7580545629643967	-0.7414877304496692	-0.16757509929659473	0.11846287415202915
2.733320064713765	-1.8257800160441036	0.8676515383742902	-0.3378920827096269
-0.014266274696295322	-2.6563294672633093	-0.7217663303678498	-1.8992826230499067
0.6038809668711473	2.5705439938420325	0.8888167576822013	1.4112494363104804
-0.07181351139627323	1.2529282247995521	-0.1920800348923109	0.2041905075934123
0.5895927348455094	-2.4489198455194083	-1.0424081106112062	-0.532885146678125
3.866599849732809	-0.03522396121240717	1.2726512033419624	-0.27868623485957245
-2.4334136597211096	0.03461775560057612	-1.921644747184271	-1.0340352428636317
1.4309319155950286	1.5701423913503267	0.0257629056986102	1.2683015352458202
7.953131125480043	-1.5381662952648927	0.4598493900138093	-0.19249664068118272
3.3583290364323437	0.3890162935591036	0.9840005556325012	1.010877824960438
-1.3273017778366856	-0.4293149078663645	-0.9249384534999944	-0.19284814663337427
-0.18743572644970485	0.27574932181635414	0.4931979956175957	-0.7029828771766994
-2.478779346025256	1.0148443334995272	-0.33892026846130113	-0.032888719327608736
-1.0616215711520987	2.0603593290591613	0.635374722527798	0.8961462162824188
1.5224062766978332	-1.2203538836029568	0.2673310499840952	-0.7425270275786535
0.671959715111276	0.7309798867351465	1.0541862766949333	0.5674542327129939
2.4184143677205787	2.261621412602338	2.1591010213726176	0.846612358426847
1.3470873208868255	-0.505708778112992	-0.6687742276804307	0.7008451241587511
-0.130842441824159	1.6716348016470315	-1.4214882263791835	0.810361895358556
1.2989201909377863	0.4936386446416797	-0.9150279311025383	0.8109839033456768
-1.0116534423941617	0.8309732351677221	-0.014595319443023308	0.5184457511754399
-2.456162523119277	0.7054723719095004	-2.612879823173654	0.053914779456855605
2.9017160374856754	0.309610029882637	0.2535858087880454	0.5046246112988123
2.608221801477252	-1.0959193739194222	0.31809461815433954	-0.1976950375824142
1.9570438263092027	-0.7367393344033943	0.4464050657031348	0.3236978429002851
4.339604352428027	0.3680819404296642	1.583009538294269	0.07850027531469263
3.9189384105733662	-1.625419637392333	-0.3707250299513802	-0.8615447523155109
1.7764317180042335	0.37588000700550395	-0.44456897459990413	0.9200021963176183
0.8796114863568572	-1.529114872575603	0.013154793437183138	-0.3989846242732566
1.3357756785346686	0.3694390384993693	-1.4068925831371226	1.2120723945549818
-1.653991477255781	-0.5925048715511145	0.08458838303258848	-2.020572777187268
0.6104674946393691	2.3815778355753814	0.31706236458241177	0.1745476557798903
-3.2732622290249314	1.398501534405562	-0.13041198335721715	-0.21258613240562005
3.549042345751377	0.17947390729821444	0.9580087870500091	0.07550494421708914
-1.1068317986782996	-0.8189328666459188	-0.5843075853949101	-0.1191003891199897
0.6987487067920363	0.1508519600641962	-0.16184877517379442	-0.9173886978228908
0.3820298761443581	2.6731326412775016	1.6204588995697222	1.5339189041966623
4.452164982367018	1.4169353795829893	-0.7800270796310377	1.3190405825577087
2.1447896519885052	1.21018514187532	1.4980989406123164	1.5221035341231537
-0.6609436743456456	2.49552629924141	0.169548676503331	0.12240993286501532
-3.807507761248621	0.35625460479883486	-2.1594652805092367	-0.7690357453914995
0.09130836175379331	1.2391642122685709	0.18742605772735033	1.640559897797347
3.1258783188968864	-0.6238486938716257	-0.511353090866375	-0.3784718321948816
2.30539087619999	1.2532307308789803	-1.194522296100541	0.06095706145439424
1.222566885425639	2.4792865471276126	-0.24498331355629738	1.1958114888673357
0.3604315320853526	0.485695634989451	1.0219213349682497	1.0288238644858232
0.853650963295768	-1.2409385277239442	0.0545757944399793	-0.2097485524752104
5.606144760297702	1.8360782415588583	0.2935902878401541	1.2972499216758486
2.6953847630254755	-2.5014012215543246	-0.6817984610430986	-0.6594754195681597
-1.7130072601594417	0.6697931582155794	-0.31350740159506474	-0.03243733452823915
-0.3885658372696267	-0.7506101127785428	-0.6112039504799014	0.48130145433802596
-1.639059247556635	0.947291924399956	-0.13436877381511658	0.23186736387000279
3.561541487036359	-1.2594632161243349	-0.6589363178812493	-0.8434877471213185
-0.6833190088321011	1.1359174244580958	-1.069290167520199	1.4055400698957452
3.918332846896782	1.0046555951901368	0.893876491694713	0.4452469655846152
4.27778642035812	-2.2215401788026217	-0.5491165064986692	0.36359561449331734
2.630694795101331	-1.1844954770866798	1.4057698842032202	-1.8760012613136017
3.3496061732009466	-1.5355474639134288	-0.17704916819149866	-0.7915936468329078
3.777886059242358	1.1372597130859088	-0.6034348981619905	-1.1184762918566087
2.554702612333271	-0.010039652076643701	0.7642036516727982	0.15915930516760804
1.5037996705748249	-0.8484322465053478	0.9171196052058905	-0.09188093771203992
1.6525907264045352	-0.513968789782659	-1.074014095178561	-0.11673263309880283
-2.3158311226423343	0.98728873588157	-1.0527411370914872	-0.8462074135069186
2.3096423421831176	0.9903665151108569	-0.8124725628366458	0.9787197091703662
-0.41910258932399724	-0.3387944567385376	0.09890799908186003	0.27751854128152226
1.488886940894584	1.402128417288076	1.1235810317327168	0.5033408760263195
1.466946965066147	-0.9043069328942173	-0.07841007645086312	0.30347321954914347
2.073623085150763	3.0409299355814783	-0.8597923612577777	1.4408667760869713
3.656234014680753	-1.2048597911698464	1.8225255177902484	-0.7140681144574594
3.1260096647096134	0.31212365959939403	1.6262081980164802	0.33039832518994444
2.422910389467413	-0.20032577744234437	-0.043288779182911054	0.629518482255371
3.5537844317828395	-1.9793774940880682	0.8397772191097966	0.12850529245272227
2.357057985392968	0.42157550481878237	0.4567771374520025	-0.14320465136139934
-0.7836788041612993	-0.37048553804881945	-0.4837059170374041	0.04664568931379912
5.296742785203336	-0.6074705914942435	0.3245671904302107	1.283828518467249
-2.329080433237155	-1.2141810454923159	-0.13520391670348667	-0.7576241920305367
-2.2574762387726435	1.017115821379312	0.8563629140783636	0.3166827995280977
3.5673225643007322	-0.5339439770070916	-0.8799661418388782	0.4568325417820432
0.16118709694362165	0.6814564217738965	-0.5215120895299675	-0.326337978849568
1.5189709739090906	-0.31618077395690025	0.7048699187905968	-0.8072345770305139
6.534440822108323	1.3932851841525797	2.7005003249621	1.647135761388026
1.8153806141861972	1.548571492334601	1.3021953644238515	0.9330204362256072
2.2296041470854533	-1.3515307941893924	-0.15032285274501248	1.0605326630704595
0.7496671681545548	0.42781194727493693	1.6545849345877144	-0.7139292776249874
-0.7197232127732363	1.3179624085288295	-0.2024157016593941	1.5222846222450637
-1.8224610445308693	-0.5044255163082678	-1.0336466194520133	0.4041882168310363
4.386791007310867	0.3778998385607405	0.3914471665560323	0.17305686233783493
1.51815419950448	-1.5218402459918179	-0.05517540111112866	-0.20855811468545563
-1.1932698833824356	1.475148413702763	0.6456786939587223	-1.105633198527254
-0.14117775001898503	-0.10764937771134198	0.6970392567575885	-1.1486561646554545
2.4996854204224697	1.306383168741065	-1.5816562064744268	1.2992604501671399
2.22821768001725	-0.030642942316440047	-0.031438925381289964	0.16870645157558356
1.4041922671937386	0.15695102046710813	0.46165200775807363	-0.07374986705571743
2.4802932104135085	0.3944073494453014	1.009390670890833	-0.050390339979432895
-0.4144755978402157	0.7810438826583033	0.624343101471561	-0.7376529489139805
3.2497913980301396	1.3033262527584981	-0.26620389714669035	1.1290652616392949
1.5440813623174683	2.4525323173952245	-0.3578430873713438	1.263546960333878
-2.2818950394292914	0.4646766273634175	-0.9197330222369974	1.469202559386996
4.104709081124772	-0.44055947342611784	-0.021609712241092607	0.013012977902447398
-3.6717318363225404	-1.0693292679425253	-0.839511168819225	-0.9807972063007745
0.719639853794733	-0.7224919872740162	-0.45235956614411266	-1.6731912319917863
5.541763878069341	-1.0746533236746987	1.1141125442749709	-2.0505324225620583
2.88764299292602	0.1983227709513955	-0.5606287631353929	1.3636053304024345
4.2412738415756195	0.29731209533989494	1.0951600030302246	0.36866043879834415
-1.7436266524657287	1.0651888618790228	-0.4704292266369985	-0.2479918143193484
4.9057457219923535	1.352345377065625	0.49794201967758733	1.1311430656371557
0.4310705938549546	1.0999344857794298	0.4745933235289841	0.2588927418509304
2.1472397626623296	0.7644147095122285	-1.296305922040156	0.11624932853014097
-0.7482283113174678	-1.5807367011153202	-0.7132962858888516	-2.1113175442491525
-0.13421135548801622	1.2820802727173257	0.3629363952448699	0.7494760744039911
2.1599404390294623	0.304504856541982	0.7663075332245273	0.34937862489018845
-1.1616595359091115	1.0748339413424857	-0.46529826449324535	0.5440074147066922
-0.3684144027052678	2.5288952117104966	0.7214892213338052	0.6031713868054118
-0.7445472767138915	-2.0847224127303106	-2.199412253204902	-0.29385203631132784
0.6210950704779408	1.1052560763482298	1.633963463970828	-0.24042273371305706
-0.4495015925228587	-1.897537372056624	-0.6565769960043216	-1.6357930200089639
2.8359331387310815	-1.5649253455532628	-0.3541482496143854	-0.2614159582917585
-2.7517526998003494	1.859453039853364	-0.8298711486711348	2.3800450673187266
-1.84975600003853	2.360891343811684	-0.001418392005418043	0.27924426050867407
-0.40574102442512916	1.4942921966659675	-0.4499794921997078	0.08837930763513711
0.8596914553227701	0.5643987823185621	-0.09281781616900271	-1.4023418277789106
2.788770825645459	0.23663335906924082	0.47925287659657895	-0.5493969316934831
-0.37977943151995597	-0.2824291722290973	-0.3648378738508705	-0.055322834767365034
2.9557817835165787	-0.7039403367856569	0.42218011681912954	-0.013632334498871418
-0.2647220451215069	2.3994008512405447	0.7921194663736617	2.020675478768324
0.280201395401233	0.971247666169515	0.886867286810542	0.39385942145996516
2.0026902191200895	-2.995328454597472	-0.050628019515563456	-1.3841285855152603
5.866464436066024	1.445798509832488	0.3458374960694716	1.0281129928503958
5.004884195722662	-0.5296413427005029	-0.8646931017707319	1.4198513507536152
2.4728571370032824	0.3865924364989237	0.38310705290828295	0.034746294336372864
3.6817914299267374	0.08906987335133598	0.6220968189657128	1.3338746014885008
0.8112392843552169	2.029469780483393	0.30541111426447826	0.7141501532685259
-0.28108398548313174	1.1598185096451759	1.288312544360407	-0.8731791342749408
-1.672722505309338	0.8800949386994993	-0.3036290447656196	0.398004011988822
2.8773764829276285	-0.5119408002332786	1.2837890916179002	-1.7590642931187077
-0.6887568831710437	1.2072250837834324	-1.449522513614345	0.9181200596828837
-2.406271301159715	-0.09293938600024898	0.46334763941247575	-1.6608507766972302
0.9770383368677639	-2.5753934488960613	0.7604568263916369	-1.1167340886077508
1.4321968375657528	1.131351928352853	-0.1518213272062973	-0.25027248004577635
-1.1371598210391736	0.5636073190317401	-1.5596852726944532	0.6125706314077096
-0.7237136976717584	0.46191916529082166	0.38515369597828153	-0.2588925615413113
0.4696482409413365	0.3124551897867749	-0.5038059231617934	0.5726379799648469
1.0890086802854066	1.813807148385267	1.239864689007226	0.03463283780023883
0.46429037214687785	0.737438877004261	2.9154557020186935	1.1015355457485365
-1.2738145520023167	-0.07505472423045889	-0.4328784173647814	-2.408135751479485
-0.2546588061970678	-0.15121586254514918	0.5041089385880722	-0.5263900639704362
0.1705577647528334	0.22779246130844566	-1.3615912527075538	-1.6669872036115594
0.9482309182885855	-0.7193497649088798	-1.7544807739788193	-0.44714931532708624
2.1370697503476777	-1.5583975983591323	-0.009166856136508751	-1.349210284705532
-0.12914419773651165	0.021932123137176074	-0.3502691026289094	0.9762274444925341
-1.5501903004140651	0.03876559740223784	-1.3453703495016363	-1.3610328943366499
3.11729311434356	-2.033248926041683	2.8238709567586824	-1.225281807358699
2.9129363340765693	-0.5355207733564099	-0.5221825369136297	0.4172028719510182
-1.144821626024489	-1.798856733502674	-0.363781419880674	-0.9467192759330086
-1.7854716626642724	1.2832486305599369	-1.769499981249984	-0.4181007895265485
2.5907103401464435	1.2056834402712542	0.578144686429166	1.4878892765460314
5.284649995291629	-0.140551209845998	0.7311630431752925	0.9940033869687959
0.6343939548635883	0.07354905387055166	-0.2437361390409085	-0.6731841244783047
1.294884426943603	0.5001795863531027	-0.31351963542240774	1.118612873262718
-0.5997753949851874	-0.05801455849018622	1.303924670652189	-1.3367332649941503
1.0328304799008206	-0.051783985567476876	-1.3699444028315155	1.060889355720798
6.674624611620864	3.5093699413170736	1.9937447108844935	2.5217698284855246
3.000179326952947	-0.06454145024083541	0.012475529657987521	-0.5068909978299617
0.9643255918043795	2.118214813939876	-1.0256561252601633	1.6263797762595509
0.0979109738114067	-0.28846652120186617	-0.771609388003744	-0.09249976428657841
4.459881844038357	-0.4988941544610308	1.7655269551951476	-1.4318226329155181
1.8130462760600403	-0.2638298192417359	-0.36526379339501863	-0.6120165197719118
1.0274036369369355	0.8619039272183247	0.9760823922005412	1.043295132678112
-0.7466510269103552	3.7981972618866093	0.7304737852909787	1.7785806671209505
1.2421699134242414	-0.3717572963897511	-0.37543778260831573	-0.08119435585561043
0.08739081479416666	-0.01942025457893759	-0.5039101930567927	-1.1351841754955667
1.2614198891532442	0.5929925491484156	0.29660593765262355	-0.3471881341876626
-0.4045625514076727	5.03510821168356	-1.7219817561225548	1.8861611069305173
2.6825623996796493	1.0246581234328607	0.771895657797069	0.008087354284464252
0.37152922168959696	1.714518482871771	-0.65574395642047	1.2224789165295582
1.996620026349328	0.7266492218652518	1.3064215337554375	0.6205864211123846
3.5734422786228928	1.4194972873145615	-1.4567049400322487	0.8995008619265638
1.2990152674169324	-0.23574491062468467	0.7637848938377761	-0.3714729790675841
-0.14395937480884569	1.2558429105464157	0.2792557067394766	0.87495389023109
0.13093802078453098	0.6266590430716733	-1.0174004926173266	0.16849776361797386
-0.2179158771424372	0.6272766972993558	0.3312815689368813	0.17172473457205747
-0.8168033583851884	1.3282689394925364	0.06066782187874406	1.1614141605791666
-4.559577401406821	2.476823705736014	-1.318477844801717	2.5011838140664473
-0.7154726957562862	0.4409438778284481	-0.8415529526898613	0.21853700093213582
0.3341754116499758	-0.30662789806699425	0.7918516898878176	0.018372765902585637
1.0923024703628135	-0.5338797692807726	0.7616777626368403	-0.29432159874835506
2.98228142858406	-0.17995354096724775	1.395336998749314	-0.6315866785878921
0.9182651266456022	-0.31574388774844875	-0.5141747183537558	-0.9727140418118555
-1.8588830736729987	1.3745418630883859	-1.94112779211443	1.313532172314297
1.7326162325813548	0.1706167626683628	0.3797750967263422	0.5316838929702707
2.764595625340044	0.6249934625346709	-0.3465043930332822	0.0760259811129743
-1.7411566541911234	2.2516726824316096	-0.4712032808225354	1.169188320742441
1.3910927104341198	-1.1914500972467668	-1.5646155363202552	-0.23041875507810325
2.032593343927025	0.6210164214360974	1.278978194742369	0.1052393388837207
-2.721753003375642	1.40348602165083	-0.22667633889292518	0.22673685297496154
0.1390418889836399	-1.4045151702355638	0.2127350645566912	-0.4584150739444911
1.7208927984594902	-0.11119898995779975	0.6415841650924178	-0.0228475009162545
0.6257451816581596	0.5437343969097437	0.20652339950368367	-0.32795820583505575
1.3196538861968667	-0.6626926886557996	0.6272579657685227	-0.6526968341978209
-4.575441420355193	1.4164529202878189	-2.9673384409974934	-1.219034450598694
-0.4982412699640837	0.43588628431474274	0.997593575471726	0.46782344712555096
-0.04508744426470801	0.8455370139329625	-0.002695747015905473	0.0807650172717945
-0.4603942553399727	0.49248663468307985	0.8842154147235398	-0.2956450610562597
3.8527789199386864	-0.9313334868299599	0.83183667262745	-1.32355278419546
1.5541891776988679	0.43233723246073597	0.8185307984343024	0.9180589122704905
0.06798334876864198	0.6371128879043193	-0.8620084704309284	-0.0503772636667567
-2.6273541116966355	-0.7660595864665942	0.031486907145648176	-0.4280446490016416
2.23445856424686	1.594502725934433	1.8317903241102866	1.2754030848236486
2.4872797363870203	2.9420694752216825	0.9160767937920182	1.613865090757696
1.2325588616597745	-0.4561383196227457	0.44354345655750554	-0.9258224352890576
1.92942999701808	-1.5896569341185944	0.5594840083538636	-0.21607985166322952
-2.11413882611563	-0.6599411466563826	-0.8179555244817711	-0.7673546333959121
0.9026330194935294	1.2080337171560673	-0.37437391351719984	1.0075602217811197
2.5867680966169795	-1.910827039881313	1.526944185653764	-0.5225158638838919
-3.6107756593198608	0.44316562859717645	-1.0564583877027003	-0.5820935222257734
12.562543211507434	-1.7741361371402982	2.9314168310596544	0.42449702752882684
2.3158258445026343	-0.7953398320059075	-0.5784387852464205	1.023717966416216
-2.234177009669646	0.3362766598756768	-1.997945036756691	1.1464649228632189
1.6444095545968567	-1.739661749252881	0.17271096994224513	-0.4189994368925071
-0.496516974910004	2.3156584630300707	-0.45998714610037283	2.1124634158413036
-1.5385443049356153	0.6638738378455397	-0.64206192790814	-0.090925783962294
0.6524832386305593	-0.6069234767680315	-0.7048543124882252	0.7234997074693145
0.3503574066895685	0.4666349339836269	0.23447920506525355	0.8666142367398018
-0.1147713443081588	0.44130897512542056	-1.5747268667961847	-0.507485945337952
0.5400056891004841	-1.46082079547563	0.22316614554605996	-1.7715149882862418
1.394558655915766	1.043760210031938	-0.08132491333494313	0.5174717120708705
-0.9274641838304913	1.4518686698437615	-0.1915962761717403	0.37468153831532547
4.664009638637747	-1.9831658299898045	0.8807231911508678	-0.15903154282058743
1.0576445416161628	2.1159003852708236	0.18036572346436175	1.686850881588823
2.865013417544879	-0.6507414073584696	1.3266164637462285	-0.7642103537126477
4.113236302101955	1.9077382700903223	1.0283897482254214	0.8706877921350735
1.4912750461417212	0.9608430041737963	-0.03506712254137866	-0.06826552977637813
0.22967388790260962	-0.39178182324299576	-0.9511507567954651	-0.25275494743442306
1.7260091182159873	-0.45246319556838915	0.7247014303806643	-0.6569889109477545
2.9759978456789944	-0.7415961626477553	-0.7634615427837184	-0.2629709793956396
-1.0421324074816518	-0.5775367422752016	0.3275935728647814	-0.9251438281535475
0.5899614355308396	-0.6780082185094523	-0.7503758691834532	0.8403059435972519
0.4474481595377251	-0.8923752053100293	1.5190202054107402	-2.0050456463639534
2.2704793344578396	-0.7554104899097147	1.2827611555697287	-0.5332313204629844
0.9086490012459936	0.9597420367338336	1.4899360003168984	0.7447923134610729
-1.5241837917483745	0.9586400739482966	-0.17953706350195411	0.3994677757307118
-5.449067874272832	3.4654750679720263	1.4061161290368003	-0.48368686697731883
-0.587766495873455	-1.7100063141277557	-1.4013076479789508	-0.917319903045093
3.870967189823755	-0.5152592970364989	1.037068914461346	-0.09450422148782049
0.7710981897034256	0.82284393119222	0.48158006415030563	0.804180934737177
2.04403383538103	-0.490163088961457	-1.317621311912728	1.846661766140686
2.869972199017625	-0.7553357578143393	-1.1230214231910556	-1.0539365371259763
-2.8084197049853854	-0.22351447376240574	-0.31999878052155994	-0.4473038357128706
0.6763320138402207	-1.1615789366593041	-0.4835677565143929	-0.5014410719427442
1.9520852803605488	-1.104451497749107	-1.6973662225533548	-0.07387540432834883
0.1766311169052992	2.105377782163192	0.6017276667765326	0.4340977673434623
3.9651121679106898	-2.2636673233243823	1.9785303512712658	-2.1540847380390886
-3.560455998234947	1.207300740786639	-1.2289802875265656	-0.47269332646681816
4.630047357582953	0.22705179559756827	2.0642177406222375	0.5011634097881648
0.4682140478267365	2.2182610039015467	0.2569718978356874	0.09896325379192371
4.035695384607261	2.149894965185987	2.4073152907556157	0.8273934397371986
0.8364089989344272	-0.665288213586319	-0.03074420701696335	-1.0063199239122826
1.1679175532812192	-0.553121729052306	-0.6284882310284562	-2.328569662602263
-1.0344039233668325	0.08471315719218958	0.5857630687823758	-0.24036821439274722
0.050674156211712756	1.1110279280312663	-1.582900768786855	0.3539402049247749
2.8364049221650447	0.8090960088894068	1.6893894166309595	0.9661891294430983
0.853027633829238	1.3208522826918339	-0.27563556355858093	0.6319683903563035
0.8523709829944685	0.4697791584116988	-0.4031333394009903	0.6057565280771748
1.0900419087143338	1.6900546431827568	-0.47714668490697953	1.1396346842573437
5.682115142510038	-1.6183747977529714	2.459531373031601	-2.0789908106876456
4.494121462419518	0.9390612384102591	-0.0607299998574116	1.5709336559977491
0.934539249740627	0.37188524522244154	-0.14067758476826306	-0.10190718394539554
2.1575136687012875	2.1621879603069036	1.2075630951318506	-0.34677476736352897
2.8180348724422415	-1.3757287865387051	-0.1168525247168186	0.00313560505492623
1.8714837048999644	1.4782957632770266	1.2191886228667266	1.5473689613928066
-0.004866651699979352	-3.848109478004798	-0.3413377890331749	-1.3215493393465203
-0.7892096179501575	2.24250973816071	0.3153067408719198	1.028746146401313
-0.02464051087908614	-0.3753833962174043	0.0333930789210684	-0.07996433947910209
1.5841006848116361	-1.1150830184458076	0.2308688351948455	-0.5377512405185055
5.187592764967195	-0.9919267310134514	1.2456344627995342	-0.5403133244433491
-2.146626797144486	0.38372847507174934	-1.5645897535282727	-1.6667800557345127
-0.5234093380919387	0.11539095966734594	0.10319315399635962	-0.4118864042113338
-1.2110288965973754	-1.5646854786963678	-1.8607038703096093	-0.3948015585420791
-2.486366277392306	0.41512241412613227	-0.8893958003390511	-0.9397398041059991
1.4891058428499986	-1.9388067507768507	-0.4006291063041963	-1.2890151229404203
3.921815384252406	-0.9859440218723832	-0.9735105314323423	1.0121510424232012
0.2514634378503402	3.8288426128701034	-0.0397379225480224	2.8301153496290254
0.8460652303772138	-1.391584223699962	0.6999456830756907	-1.0993017668086935
2.0232682109307687	-0.4156359850465915	0.7784662425149512	-1.5190807832518545
3.5629609705435215	-0.30464195537170674	-0.3132641101096483	-0.6586502903647371
-0.8070872644663541	0.8413839212340133	-0.8042989348389987	0.3747857854407113
0.3102570458024755	-2.374659291308867	-0.9747505749162835	-0.8664714546190552
-0.44652388112214314	-2.1974149458702197	-1.086555910732463	-0.7609107569783395
0.5229652348677081	2.42293670644237	-0.7304886521062276	1.2248488711686814
2.3742783598067287	-0.9073173638404407	1.156474433577719	-0.5413916615657809
-1.209467974004764	1.8065840664895498	-0.6749258677776375	0.5308960832125666
0.5645020237257157	1.3135225214700468	0.2449585567685136	-0.2224276889518749
4.607209406315669	3.3672543777238837	1.2067776564220352	2.35502819119173
4.979779203978112	-0.8523277137352002	-0.9928125877140945	0.31746406583222364
-3.4335619020624275	2.2461997794481756	-1.3542602692424386	0.3441052338310857
0.8607895912654212	0.6889559949667174	-1.4052757513827385	-0.09227850854667624
3.272477456685737	0.5021232514889302	-0.19520027912962257	0.6254042838681798
7.493912779043949	-1.7534333832905888	3.4151288560779682	-0.05998151765130476
-1.2809172034504523	-0.9507091045857654	-0.4575452530642901	-0.03502985417213703
2.5678297215793955	-0.15583238431723684	0.266199551852332	-0.5314379216573608
2.519416081792822	0.1474045457392506	1.3194237553655852	-0.29829224603520244
4.715416101667404	2.687077394211866	1.8136364213721432	1.5744912067734076
-0.40424892689089154	0.5708724437913524	-0.14805636933767746	-0.16506126906693816
0.6109899870803671	0.43906510744426874	-1.2391807193701518	1.2275770841875937
0.9193720067849542	1.026726680364085	-0.3710216825781777	0.27830697569673246
2.1661031532956643	-1.0198737009550145	-0.5492143997983252	-2.1742941379549277
1.3629039279265784	0.08006222925930484	-0.09139494430871681	-1.1223733596328436
0.0016055915567828594	-0.6856022536513646	-0.09299110021123512	-0.016344340114571063
-0.14511294231778304	2.3819964056692955	0.5330982817187774	2.206392350656948
1.8311678489341996	-0.7025496082412753	-0.5322464464014269	-0.11568498535733249
1.4840109625993938	-1.2980427761275952	-0.5871003922940303	-0.6169132556157704
1.0748571628773917	-0.46234704864492293	-0.6841702489000678	0.31675588469133314
0.6890461333088498	-1.0465499193754768	-2.040820560036139	0.9991282446095475
1.2994514085488977	-0.6997763751815699	0.08686375218671515	-0.3016498243143661
-0.5267989486205324	0.7292565185595161	0.4908243788440841	0.7539339722309844
2.0798112914273323	2.1966958625261483	-0.558303725822762	0.6844708189882835
1.137541165643009	0.9099299091097016	0.9059221307674603	-0.3680615675195732
-0.05127022023554151	1.8431917642819406	-0.453183138314174	0.95143859536385
3.4866285539020345	1.105894195072566	1.2102513212976913	1.347416758408537
-0.7756787380829904	-0.05007777552992276	-1.883330694521228	0.6883020919923667
-2.0037235145388097	0.40249048173705726	-1.0116169788542777	-0.17308467890360493
0.48626383319017324	0.3194120007784137	-0.6014311561276067	0.5649529507646411
1.2216214734000104	0.5154502266616828	-0.7341351327192784	1.0873681058739408
2.886420750075186	0.2961838309638376	0.6963646011312282	-0.8366985868529165
7.074689484389684	-2.1363425638521534	1.7128396750313664	-0.7449357859240576
0.09215240040481287	1.1286457478026053	-0.8511812670845449	0.9094854429149674
2.4397119163726306	0.007542640150250746	0.5691216504545297	-1.2798045871586237
1.5607832785641311	2.352764735561906	-0.2364723542939288	2.5312592538843877
-1.0431262009552917	0.6709410228962922	-0.5175671760161903	-0.39591613862093855
1.6656707170168583	-0.7468419430073667	0.37838237826088245	-0.4724418217999429
-3.765312467764824	0.6195204808640571	-1.9536773151296856	-0.31100102711654665
4.576540700646019	1.1736924279660832	1.2617338230556858	0.9192860481035953
2.46695908574246	-0.6597247562189319	0.6284517174990547	-1.2495998602349825
2.7445080740907906	-0.5495379987242771	0.13797309463488244	-0.8531343863957728
3.0554046981903626	-2.5904182144198336	0.04443468031159341	-1.1124997032254034
2.13435303781337	0.5049362145671246	0.7251230892943381	0.5869347445961549
0.2398431510992072	-0.40961024764470166	-0.7233423657344705	-0.9807295440092794
4.074830419856097	-2.069887330248568	-0.8458628736620905	-0.6263642742051999
2.017271540086686	-1.171871431140698	-0.26294466905587155	-1.3029765602935321
1.1959611375743715	1.6253115688397246	-0.43007569431438364	0.35608471605526343
-0.11640407572350275	1.496917693384903	-0.36652061258831126	0.3254035967245925
3.2714396138215207	2.1582137652051285	1.4263230955169406	0.6299744233454375
1.4774845534914522	2.752886860368988	1.5571728861519087	0.41176469333412485
1.2609876252350272	1.481629091040562	-1.0055490750887066	1.0657327841269963
1.066687378466967	2.6999317944826604	1.164345680014527	0.6531507895499211
2.6818382848649325	0.7129432607793402	1.0970695701153395	0.06005160885064164
-2.0372854453158773	0.7943581425593844	-1.4618642047827592	-0.6262542892944394
2.5911055471066424	-0.23649416118140665	-0.47829463823478574	-0.08332456489740099
0.8816908561120925	0.44368313204571735	-0.7310712499529018	-0.0923391587488172
-1.0942987064812362	3.0262956862772965	-1.1880045384318576	0.39660120509973795
-0.6249741764989185	4.015276851439887	-0.004653113489226028	1.0877753752827028
0.0566732862401671	2.7159656223898514	-0.4748673921528154	1.218561119861881
0.9953140040108214	-3.548711757359153	-0.6053415259667179	-1.024467534745553
0.6857583297206591	1.8445360678835607	1.1961759120273283	0.9216238083067606
0.9848392755795604	0.5561357226787691	0.6737872660827613	-0.49638763329444474
5.564273411667297	1.9514469264879977	1.1555151773478247	1.5468547310098506
3.7851968924413666	0.11420245800303652	-0.06176623263523064	1.8867193870189933
2.7262771552959837	2.9662549726361336	0.7023420441353578	2.23197450788394
1.8563885595723442	0.4760161239465283	-0.45091641525372167	0.7614327961677767
-4.032021482758914	1.037116211077121	-0.6414767585882153	0.4879234453204571
1.3764060826577809	0.48917058120706414	-1.0990142598908668	-1.2908273836989856
0.35570518925876216	-1.7372272029253149	-0.29097273878716656	-2.4203713603715395
1.028676735020718	0.8915859016907154	-1.3096208305112964	0.1436724855237164
2.992047660089329	-1.834134871939588	2.2569997919805753	-1.7671977159850234
-0.4706944410878444	2.435982848026883	2.4114437176320855	0.12508322186018486
2.171764423565305	-0.874405839663903	-0.7386043883956434	-1.1061794412007107
-0.37866600186279253	1.7602243812189315	0.5963509864700552	-0.11431708065944836
-1.976261059345538	1.3815773906916546	-0.7877516350056468	0.6741222468877077
-0.40197269748643594	-0.24871198530408445	0.7834140505794174	-2.0027162857338676
